MSE,MAE,R2
9.388858595576396,2.5031009067604044,-3.355529278881164e-07
8.883870572958166,2.4260561113840033,0.053785562586636027
8.392772927617852,2.34145462667156,0.10609200698882892
